Criterion Type,Campaign,Ad Group,Keyword
Exact,SEM_Sofas,sofas,sofas buy
Exact,SEM_Sofas,sofas,sofas buy
Exact,SEM_Sofas,sofas,sofas price
Exact,SEM_Sofas,sofas,sofas price
Exact,SEM_Sofas,sofas,sofas discount
Exact,SEM_Sofas,sofas,sofas discount
Exact,SEM_Sofas,sofas,sofas promotion
Exact,SEM_Sofas,sofas,sofas promotion
Exact,SEM_Sofas,sofas,sofas promo
Exact,SEM_Sofas,sofas,sofas promo
Exact,SEM_Sofas,sofas,sofas shop
Exact,SEM_Sofas,sofas,sofas shop
Exact,SEM_Sofas,convertible sofas,convertible sofas buy
Exact,SEM_Sofas,convertible sofas,convertible sofas buy
Exact,SEM_Sofas,convertible sofas,convertible sofas price
Exact,SEM_Sofas,convertible sofas,convertible sofas price
Exact,SEM_Sofas,convertible sofas,convertible sofas discount
Exact,SEM_Sofas,convertible sofas,convertible sofas discount
Exact,SEM_Sofas,convertible sofas,convertible sofas promotion
Exact,SEM_Sofas,convertible sofas,convertible sofas promotion
Exact,SEM_Sofas,convertible sofas,convertible sofas promo
Exact,SEM_Sofas,convertible sofas,convertible sofas promo
Exact,SEM_Sofas,convertible sofas,convertible sofas shop
Exact,SEM_Sofas,convertible sofas,convertible sofas shop
Exact,SEM_Sofas,love seats,love seats buy
Exact,SEM_Sofas,love seats,love seats buy
Exact,SEM_Sofas,love seats,love seats price
Exact,SEM_Sofas,love seats,love seats price
Exact,SEM_Sofas,love seats,love seats discount
Exact,SEM_Sofas,love seats,love seats discount
Exact,SEM_Sofas,love seats,love seats promotion
Exact,SEM_Sofas,love seats,love seats promotion
Exact,SEM_Sofas,love seats,love seats promo
Exact,SEM_Sofas,love seats,love seats promo
Exact,SEM_Sofas,love seats,love seats shop
Exact,SEM_Sofas,love seats,love seats shop
Exact,SEM_Sofas,recliners,recliners buy
Exact,SEM_Sofas,recliners,recliners buy
Exact,SEM_Sofas,recliners,recliners price
Exact,SEM_Sofas,recliners,recliners price
Exact,SEM_Sofas,recliners,recliners discount
Exact,SEM_Sofas,recliners,recliners discount
Exact,SEM_Sofas,recliners,recliners promotion
Exact,SEM_Sofas,recliners,recliners promotion
Exact,SEM_Sofas,recliners,recliners promo
Exact,SEM_Sofas,recliners,recliners promo
Exact,SEM_Sofas,recliners,recliners shop
Exact,SEM_Sofas,recliners,recliners shop
Exact,SEM_Sofas,sofa beds,sofa beds buy
Exact,SEM_Sofas,sofa beds,sofa beds buy
Exact,SEM_Sofas,sofa beds,sofa beds price
Exact,SEM_Sofas,sofa beds,sofa beds price
Exact,SEM_Sofas,sofa beds,sofa beds discount
Exact,SEM_Sofas,sofa beds,sofa beds discount
Exact,SEM_Sofas,sofa beds,sofa beds promotion
Exact,SEM_Sofas,sofa beds,sofa beds promotion
Exact,SEM_Sofas,sofa beds,sofa beds promo
Exact,SEM_Sofas,sofa beds,sofa beds promo
Exact,SEM_Sofas,sofa beds,sofa beds shop
Exact,SEM_Sofas,sofa beds,sofa beds shop
